character,unicode,sentiment,label
😂,0x1f602,0.221,FACE WITH TEARS OF JOY
❤,0x2764,0.746,HEAVY BLACK HEART
♥,0x2665,0.657,BLACK HEART SUIT
😍,0x1f60d,0.678,SMILING FACE WITH HEART-SHAPED EYES
😭,0x1f62d,-0.093,LOUDLY CRYING FACE
😘,0x1f618,0.701,FACE THROWING A KISS
😊,0x1f60a,0.644,SMILING FACE WITH SMILING EYES
👌,0x1f44c,0.563,OK HAND SIGN
💕,0x1f495,0.632,TWO HEARTS
👏,0x1f44f,0.520,CLAPPING HANDS SIGN
😁,0x1f601,0.449,GRINNING FACE WITH SMILING EYES
☺,0x263a,0.657,WHITE SMILING FACE
♡,0x2661,0.669,WHITE HEART SUIT
👍,0x1f44d,0.521,THUMBS UP SIGN
😩,0x1f629,-0.368,WEARY FACE
🙏,0x1f64f,0.417,PERSON WITH FOLDED HANDS
✌,0x270c,0.463,VICTORY HAND
😏,0x1f60f,0.332,SMIRKING FACE
😉,0x1f609,0.463,WINKING FACE
🙌,0x1f64c,0.559,PERSON RAISING BOTH HANDS IN CELEBRATION
🙈,0x1f648,0.432,SEE-NO-EVIL MONKEY
💪,0x1f4aa,0.555,FLEXED BICEPS
😄,0x1f604,0.421,SMILING FACE WITH OPEN MOUTH AND SMILING EYES
😒,0x1f612,-0.374,UNAMUSED FACE
💃,0x1f483,0.734,DANCER
💖,0x1f496,0.712,SPARKLING HEART
😃,0x1f603,0.557,SMILING FACE WITH OPEN MOUTH
😔,0x1f614,-0.146,PENSIVE FACE
😱,0x1f631,0.190,FACE SCREAMING IN FEAR
🎉,0x1f389,0.738,PARTY POPPER
😜,0x1f61c,0.455,FACE WITH STUCK-OUT TONGUE AND WINKING EYE
☯,0x262f,0.001,YIN YANG
🌸,0x1f338,0.650,CHERRY BLOSSOM
💜,0x1f49c,0.654,PURPLE HEART
💙,0x1f499,0.730,BLUE HEART
✨,0x2728,0.351,SPARKLES
😳,0x1f633,0.018,FLUSHED FACE
💗,0x1f497,0.657,GROWING HEART
★,0x2605,0.283,BLACK STAR
█,0x2588,-0.032,FULL BLOCK
☀,0x2600,0.465,BLACK SUN WITH RAYS
😡,0x1f621,-0.173,POUTING FACE
😎,0x1f60e,0.491,SMILING FACE WITH SUNGLASSES
😢,0x1f622,0.007,CRYING FACE
💋,0x1f48b,0.691,KISS MARK
😋,0x1f60b,0.631,FACE SAVOURING DELICIOUS FOOD
🙊,0x1f64a,0.459,SPEAK-NO-EVIL MONKEY
😴,0x1f634,-0.080,SLEEPING FACE
🎶,0x1f3b6,0.537,MULTIPLE MUSICAL NOTES
💞,0x1f49e,0.739,REVOLVING HEARTS
😌,0x1f60c,0.482,RELIEVED FACE
🔥,0x1f525,0.139,FIRE
💯,0x1f4af,0.120,HUNDRED POINTS SYMBOL
🔫,0x1f52b,-0.194,PISTOL
💛,0x1f49b,0.709,YELLOW HEART
💁,0x1f481,0.326,INFORMATION DESK PERSON
💚,0x1f49a,0.656,GREEN HEART
♫,0x266b,0.287,BEAMED EIGHTH NOTES
😞,0x1f61e,-0.118,DISAPPOINTED FACE
😆,0x1f606,0.409,SMILING FACE WITH OPEN MOUTH AND TIGHTLY-CLOSED EYES
😝,0x1f61d,0.423,FACE WITH STUCK-OUT TONGUE AND TIGHTLY-CLOSED EYES
😪,0x1f62a,-0.080,SLEEPY FACE
�,0xfffd,0.086,REPLACEMENT CHARACTER
😫,0x1f62b,-0.145,TIRED FACE
😅,0x1f605,0.178,SMILING FACE WITH OPEN MOUTH AND COLD SWEAT
👊,0x1f44a,0.228,FISTED HAND SIGN
💀,0x1f480,-0.207,SKULL
😀,0x1f600,0.568,GRINNING FACE
😚,0x1f61a,0.710,KISSING FACE WITH CLOSED EYES
😻,0x1f63b,0.619,SMILING CAT FACE WITH HEART-SHAPED EYES
©,0xa9,0.117,COPYRIGHT SIGN
👀,0x1f440,0.063,EYES
💘,0x1f498,0.683,HEART WITH ARROW
🐓,0x1f413,0.028,ROOSTER
☕,0x2615,0.244,HOT BEVERAGE
👋,0x1f44b,0.413,WAVING HAND SIGN
✋,0x270b,0.126,RAISED HAND
🎊,0x1f38a,0.721,CONFETTI BALL
🍕,0x1f355,0.417,SLICE OF PIZZA
❄,0x2744,0.506,SNOWFLAKE
😥,0x1f625,0.122,DISAPPOINTED BUT RELIEVED FACE
😕,0x1f615,-0.397,CONFUSED FACE
💥,0x1f4a5,0.148,COLLISION SYMBOL
💔,0x1f494,-0.121,BROKEN HEART
😤,0x1f624,-0.209,FACE WITH LOOK OF TRIUMPH
😈,0x1f608,0.265,SMILING FACE WITH HORNS
►,0x25ba,0.162,BLACK RIGHT-POINTING POINTER
✈,0x2708,0.415,AIRPLANE
🔝,0x1f51d,0.474,TOP WITH UPWARDS ARROW ABOVE
😰,0x1f630,-0.020,FACE WITH OPEN MOUTH AND COLD SWEAT
⚽,0x26bd,0.616,SOCCER BALL
😑,0x1f611,-0.311,EXPRESSIONLESS FACE
👑,0x1f451,0.694,CROWN
😹,0x1f639,0.141,CAT FACE WITH TEARS OF JOY
👉,0x1f449,0.390,WHITE RIGHT POINTING BACKHAND INDEX
🍃,0x1f343,0.378,LEAF FLUTTERING IN WIND
🎁,0x1f381,0.759,WRAPPED PRESENT
😠,0x1f620,-0.299,ANGRY FACE
🐧,0x1f427,0.456,PENGUIN
☆,0x2606,0.428,WHITE STAR
🍀,0x1f340,0.285,FOUR LEAF CLOVER
🎈,0x1f388,0.718,BALLOON
🎅,0x1f385,0.318,FATHER CHRISTMAS
😓,0x1f613,-0.080,FACE WITH COLD SWEAT
😣,0x1f623,-0.212,PERSEVERING FACE
😐,0x1f610,-0.388,NEUTRAL FACE
✊,0x270a,0.429,RAISED FIST
😨,0x1f628,-0.140,FEARFUL FACE
😖,0x1f616,-0.155,CONFOUNDED FACE
💤,0x1f4a4,0.370,SLEEPING SYMBOL
💓,0x1f493,0.664,BEATING HEART
👎,0x1f44e,-0.188,THUMBS DOWN SIGN
💦,0x1f4a6,0.471,SPLASHING SWEAT SYMBOL
✔,0x2714,0.270,HEAVY CHECK MARK
😷,0x1f637,-0.169,FACE WITH MEDICAL MASK
⚡,0x26a1,0.177,HIGH VOLTAGE SIGN
🙋,0x1f64b,0.485,HAPPY PERSON RAISING ONE HAND
🎄,0x1f384,0.531,CHRISTMAS TREE
💩,0x1f4a9,-0.116,PILE OF POO
🎵,0x1f3b5,0.500,MUSICAL NOTE
➡,0x27a1,0.147,BLACK RIGHTWARDS ARROW
😛,0x1f61b,0.601,FACE WITH STUCK-OUT TONGUE
😬,0x1f62c,0.194,GRIMACING FACE
👯,0x1f46f,0.439,WOMAN WITH BUNNY EARS
💎,0x1f48e,0.561,GEM STONE
🌿,0x1f33f,0.384,HERB
🎂,0x1f382,0.613,BIRTHDAY CAKE
🌟,0x1f31f,0.327,GLOWING STAR
🔮,0x1f52e,0.267,CRYSTAL BALL
❗,0x2757,0.100,HEAVY EXCLAMATION MARK SYMBOL
👫,0x1f46b,0.255,MAN AND WOMAN HOLDING HANDS
🏆,0x1f3c6,0.726,TROPHY
✖,0x2716,0.311,HEAVY MULTIPLICATION X
☝,0x261d,0.309,WHITE UP POINTING INDEX
😙,0x1f619,0.778,KISSING FACE WITH SMILING EYES
⛄,0x26c4,0.521,SNOWMAN WITHOUT SNOW
👅,0x1f445,0.461,TONGUE
♪,0x266a,0.534,EIGHTH NOTE
🍂,0x1f342,0.547,FALLEN LEAF
💏,0x1f48f,0.388,KISS
🔪,0x1f52a,0.070,HOCHO
🌴,0x1f334,0.525,PALM TREE
👈,0x1f448,0.424,WHITE LEFT POINTING BACKHAND INDEX
🌹,0x1f339,0.600,ROSE
🙆,0x1f646,0.500,FACE WITH OK GESTURE
➜,0x279c,0.162,HEAVY ROUND-TIPPED RIGHTWARDS ARROW
👻,0x1f47b,0.228,GHOST
💰,0x1f4b0,0.251,MONEY BAG
🍻,0x1f37b,0.512,CLINKING BEER MUGS
🙅,0x1f645,-0.202,FACE WITH NO GOOD GESTURE
🌞,0x1f31e,0.558,SUN WITH FACE
🍁,0x1f341,0.482,MAPLE LEAF
⭐,0x2b50,0.580,WHITE MEDIUM STAR
▪,0x25aa,0.198,BLACK SMALL SQUARE
🎀,0x1f380,0.629,RIBBON
━,0x2501,0.176,BOX DRAWINGS HEAVY HORIZONTAL
☷,0x2637,0.064,TRIGRAM FOR EARTH
🐷,0x1f437,0.368,PIG FACE
🙉,0x1f649,0.333,HEAR-NO-EVIL MONKEY
🌺,0x1f33a,0.549,HIBISCUS
💅,0x1f485,0.388,NAIL POLISH
🐶,0x1f436,0.576,DOG FACE
🌚,0x1f31a,0.464,NEW MOON WITH FACE
👽,0x1f47d,0.315,EXTRATERRESTRIAL ALIEN
🎤,0x1f3a4,0.476,MICROPHONE
👭,0x1f46d,0.463,TWO WOMEN HOLDING HANDS
🎧,0x1f3a7,0.414,HEADPHONE
👆,0x1f446,0.326,WHITE UP POINTING BACKHAND INDEX
🍸,0x1f378,0.539,COCKTAIL GLASS
🍷,0x1f377,0.393,WINE GLASS
®,0xae,0.279,REGISTERED SIGN
🍉,0x1f349,0.597,WATERMELON
😇,0x1f607,0.587,SMILING FACE WITH HALO
☑,0x2611,0.101,BALLOT BOX WITH CHECK
🏃,0x1f3c3,0.406,RUNNER
😿,0x1f63f,-0.372,CRYING CAT FACE
│,0x2502,0.343,BOX DRAWINGS LIGHT VERTICAL
💣,0x1f4a3,0.007,BOMB
🍺,0x1f37a,0.493,BEER MUG
▶,0x25b6,0.209,BLACK RIGHT-POINTING TRIANGLE
😲,0x1f632,-0.068,ASTONISHED FACE
🎸,0x1f3b8,0.516,GUITAR
🍹,0x1f379,0.659,TROPICAL DRINK
💫,0x1f4ab,0.500,DIZZY SYMBOL
📚,0x1f4da,0.336,BOOKS
😶,0x1f636,-0.142,FACE WITHOUT MOUTH
🌷,0x1f337,0.538,TULIP
💝,0x1f49d,0.644,HEART WITH RIBBON
💨,0x1f4a8,0.381,DASH SYMBOL
🏈,0x1f3c8,0.530,AMERICAN FOOTBALL
💍,0x1f48d,0.478,RING
☔,0x2614,0.289,UMBRELLA WITH RAIN DROPS
👸,0x1f478,0.605,PRINCESS
🇪,0x1f1ea,0.616,REGIONAL INDICATOR SYMBOL LETTER E
░,0x2591,-0.045,LIGHT SHADE
🍩,0x1f369,0.382,DOUGHNUT
👾,0x1f47e,0.361,ALIEN MONSTER
☁,0x2601,0.308,CLOUD
🌻,0x1f33b,0.570,SUNFLOWER
😵,0x1f635,0.085,DIZZY FACE
📒,0x1f4d2,0.038,LEDGER
↿,0x21bf,0.648,UPWARDS HARPOON WITH BARB LEFTWARDS
🐯,0x1f42f,0.476,TIGER FACE
👼,0x1f47c,0.333,BABY ANGEL
🍔,0x1f354,0.277,HAMBURGER
😸,0x1f638,0.410,GRINNING CAT FACE WITH SMILING EYES
👶,0x1f476,0.434,BABY
↾,0x21be,0.646,UPWARDS HARPOON WITH BARB RIGHTWARDS
💐,0x1f490,0.735,BOUQUET
🌊,0x1f30a,0.500,WATER WAVE
🍦,0x1f366,0.459,SOFT ICE CREAM
🍓,0x1f353,0.670,STRAWBERRY
👇,0x1f447,0.247,WHITE DOWN POINTING BACKHAND INDEX
💆,0x1f486,0.221,FACE MASSAGE
🍴,0x1f374,0.537,FORK AND KNIFE
😧,0x1f627,-0.063,ANGUISHED FACE
🇸,0x1f1f8,0.511,REGIONAL INDICATOR SYMBOL LETTER S
😮,0x1f62e,0.269,FACE WITH OPEN MOUTH
▓,0x2593,0.011,DARK SHADE
🚫,0x1f6ab,-0.440,NO ENTRY SIGN
😽,0x1f63d,0.571,KISSING CAT FACE WITH CLOSED EYES
🌈,0x1f308,0.516,RAINBOW
🙀,0x1f640,0.330,WEARY CAT FACE
⚠,0x26a0,-0.066,WARNING SIGN
🎮,0x1f3ae,0.427,VIDEO GAME
╯,0x256f,-0.011,BOX DRAWINGS LIGHT ARC UP AND LEFT
🍆,0x1f346,0.402,AUBERGINE
🍰,0x1f370,0.448,SHORTCAKE
✓,0x2713,0.287,CHECK MARK
👐,0x1f450,-0.023,OPEN HANDS SIGN
🙇,0x1f647,0.140,PERSON BOWING DEEPLY
🍟,0x1f35f,0.302,FRENCH FRIES
🍌,0x1f34c,0.435,BANANA
💑,0x1f491,0.659,COUPLE WITH HEART
👬,0x1f46c,-0.059,TWO MEN HOLDING HANDS
🐣,0x1f423,0.476,HATCHING CHICK
🎃,0x1f383,0.595,JACK-O-LANTERN
▬,0x25ac,0.464,BLACK RECTANGLE
￼,0xfffc,-0.476,OBJECT REPLACEMENT CHARACTER
😟,0x1f61f,0.072,WORRIED FACE
🐾,0x1f43e,0.605,PAW PRINTS
🎓,0x1f393,0.563,GRADUATION CAP
🏊,0x1f3ca,0.575,SWIMMER
🍫,0x1f36b,0.152,CHOCOLATE BAR
📷,0x1f4f7,0.430,CAMERA
👄,0x1f444,0.474,MOUTH
🌼,0x1f33c,0.779,BLOSSOM
🚶,0x1f6b6,-0.143,PEDESTRIAN
🐱,0x1f431,0.513,CAT FACE
║,0x2551,0.145,BOX DRAWINGS DOUBLE VERTICAL
🐸,0x1f438,-0.080,FROG FACE
🇺,0x1f1fa,0.541,REGIONAL INDICATOR SYMBOL LETTER U
👿,0x1f47f,-0.534,IMP
🚬,0x1f6ac,0.521,SMOKING SYMBOL
✿,0x273f,0.384,BLACK FLORETTE
📖,0x1f4d6,0.169,OPEN BOOK
🐒,0x1f412,0.521,MONKEY
🌍,0x1f30d,0.592,EARTH GLOBE EUROPE-AFRICA
┊,0x250a,0.958,BOX DRAWINGS LIGHT QUADRUPLE DASH VERTICAL
🐥,0x1f425,0.586,FRONT-FACING BABY CHICK
🌀,0x1f300,0.101,CYCLONE
🐼,0x1f43c,0.261,PANDA FACE
🎥,0x1f3a5,0.290,MOVIE CAMERA
💄,0x1f484,0.435,LIPSTICK
💸,0x1f4b8,0.159,MONEY WITH WINGS
⛔,0x26d4,0.485,NO ENTRY
●,0x25cf,0.176,BLACK CIRCLE
🏀,0x1f3c0,0.254,BASKETBALL AND HOOP
💉,0x1f489,0.358,SYRINGE
💟,0x1f49f,0.682,HEART DECORATION
🚗,0x1f697,0.231,AUTOMOBILE
😯,0x1f62f,0.123,HUSHED FACE
📝,0x1f4dd,0.231,MEMO
═,0x2550,0.015,BOX DRAWINGS DOUBLE HORIZONTAL
♦,0x2666,0.453,BLACK DIAMOND SUIT
💭,0x1f4ad,0.206,THOUGHT BALLOON
🌙,0x1f319,0.590,CRESCENT MOON
🐟,0x1f41f,0.689,FISH
👣,0x1f463,0.344,FOOTPRINTS
☞,0x261e,0.115,WHITE RIGHT POINTING INDEX
✂,0x2702,-0.459,BLACK SCISSORS
🗿,0x1f5ff,0.443,MOYAI
🍝,0x1f35d,0.117,SPAGHETTI
👪,0x1f46a,-0.017,FAMILY
🍭,0x1f36d,0.300,LOLLIPOP
🌃,0x1f303,0.390,NIGHT WITH STARS
❌,0x274c,0.271,CROSS MARK
🐰,0x1f430,0.586,RABBIT FACE
💊,0x1f48a,0.431,PILL
🚨,0x1f6a8,0.638,POLICE CARS REVOLVING LIGHT
😦,0x1f626,-0.368,FROWNING FACE WITH OPEN MOUTH
🍪,0x1f36a,0.316,COOKIE
🍣,0x1f363,-0.232,SUSHI
╭,0x256d,0.161,BOX DRAWINGS LIGHT ARC DOWN AND RIGHT
✧,0x2727,0.321,WHITE FOUR POINTED STAR
🎆,0x1f386,0.709,FIREWORKS
╮,0x256e,0.127,BOX DRAWINGS LIGHT ARC DOWN AND LEFT
🎎,0x1f38e,0.907,JAPANESE DOLLS
🇩,0x1f1e9,0.611,REGIONAL INDICATOR SYMBOL LETTER D
✅,0x2705,0.407,WHITE HEAVY CHECK MARK
👹,0x1f479,0.058,JAPANESE OGRE
📱,0x1f4f1,0.308,MOBILE PHONE
🙍,0x1f64d,-0.327,PERSON FROWNING
🍑,0x1f351,0.250,PEACH
🎼,0x1f3bc,0.327,MUSICAL SCORE
🔊,0x1f50a,0.404,SPEAKER WITH THREE SOUND WAVES
🌌,0x1f30c,0.520,MILKY WAY
🍎,0x1f34e,0.320,RED APPLE
🐻,0x1f43b,0.440,BEAR FACE
─,0x2500,0.140,BOX DRAWINGS LIGHT HORIZONTAL
╰,0x2570,-0.060,BOX DRAWINGS LIGHT ARC UP AND RIGHT
💇,0x1f487,0.327,HAIRCUT
♬,0x266c,0.245,BEAMED SIXTEENTH NOTES
♚,0x265a,0.041,BLACK CHESS KING
🔴,0x1f534,0.396,LARGE RED CIRCLE
🍱,0x1f371,-0.313,BENTO BOX
🍊,0x1f34a,0.417,TANGERINE
🍒,0x1f352,0.313,CHERRIES
🐭,0x1f42d,0.688,MOUSE FACE
👟,0x1f45f,0.417,ATHLETIC SHOE
🌎,0x1f30e,0.319,EARTH GLOBE AMERICAS
🍍,0x1f34d,0.468,PINEAPPLE
🐮,0x1f42e,0.587,COW FACE
📲,0x1f4f2,0.239,MOBILE PHONE WITH RIGHTWARDS ARROW AT LEFT
☼,0x263c,0.196,WHITE SUN WITH RAYS
🌅,0x1f305,0.356,SUNRISE
🇷,0x1f1f7,0.667,REGIONAL INDICATOR SYMBOL LETTER R
👠,0x1f460,0.356,HIGH-HEELED SHOE
🌽,0x1f33d,0.444,EAR OF MAIZE
💧,0x1f4a7,-0.159,DROPLET
❓,0x2753,0.068,BLACK QUESTION MARK ORNAMENT
🍬,0x1f36c,0.364,CANDY
😺,0x1f63a,0.395,SMILING CAT FACE WITH OPEN MOUTH
🐴,0x1f434,0.070,HORSE FACE
🚀,0x1f680,0.488,ROCKET
¦,0xa6,0.581,BROKEN BAR
💢,0x1f4a2,0.233,ANGER SYMBOL
🎬,0x1f3ac,0.279,CLAPPER BOARD
🍧,0x1f367,0.302,SHAVED ICE
🍜,0x1f35c,0.395,STEAMING BOWL
🐏,0x1f40f,0.558,RAM
🐘,0x1f418,0.023,ELEPHANT
👧,0x1f467,0.140,GIRL
⠀,0x2800,0.047,BRAILLE PATTERN BLANK
🏄,0x1f3c4,0.524,SURFER
➤,0x27a4,0.310,BLACK RIGHTWARDS ARROWHEAD
⬆,0x2b06,0.286,UPWARDS BLACK ARROW
🍋,0x1f34b,0.244,LEMON
🆗,0x1f197,0.537,SQUARED OK
⚪,0x26aa,0.450,MEDIUM WHITE CIRCLE
📺,0x1f4fa,0.375,TELEVISION
🍅,0x1f345,0.350,TOMATO
⛅,0x26c5,0.450,SUN BEHIND CLOUD
🐢,0x1f422,0.200,TURTLE
👙,0x1f459,0.500,BIKINI
🏡,0x1f3e1,0.436,HOUSE WITH GARDEN
🌾,0x1f33e,0.538,EAR OF RICE
◉,0x25c9,0.256,FISHEYE
✏,0x270f,0.342,PENCIL
🐬,0x1f42c,0.421,DOLPHIN
🍤,0x1f364,0.053,FRIED SHRIMP
🇹,0x1f1f9,0.579,REGIONAL INDICATOR SYMBOL LETTER T
♣,0x2663,0.342,BLACK CLUB SUIT
🐝,0x1f41d,0.211,HONEYBEE
🌝,0x1f31d,0.189,FULL MOON WITH FACE
🇮,0x1f1ee,0.595,REGIONAL INDICATOR SYMBOL LETTER I
🔋,0x1f50b,-0.486,BATTERY
🐍,0x1f40d,0.351,SNAKE
♔,0x2654,0.541,WHITE CHESS KING
🍳,0x1f373,0.028,COOKING
🔵,0x1f535,0.306,LARGE BLUE CIRCLE
😾,0x1f63e,-0.333,POUTING CAT FACE
🌕,0x1f315,0.556,FULL MOON SYMBOL
🐨,0x1f428,0.444,KOALA
🔐,0x1f510,0.333,CLOSED LOCK WITH KEY
💿,0x1f4bf,0.611,OPTICAL DISC
❁,0x2741,0.056,EIGHT PETALLED OUTLINED BLACK FLORETTE
🌳,0x1f333,0.486,DECIDUOUS TREE
👰,0x1f470,0.486,BRIDE WITH VEIL
❀,0x2740,0.400,WHITE FLORETTE
⚓,0x2693,0.571,ANCHOR
🚴,0x1f6b4,0.657,BICYCLIST
▀,0x2580,-0.143,UPPER HALF BLOCK
👗,0x1f457,0.235,DRESS
➕,0x2795,0.529,HEAVY PLUS SIGN
💬,0x1f4ac,0.364,SPEECH BALLOON
▒,0x2592,-0.030,MEDIUM SHADE
🔜,0x1f51c,0.273,SOON WITH RIGHTWARDS ARROW ABOVE
🍨,0x1f368,0.212,ICE CREAM
💲,0x1f4b2,0.242,HEAVY DOLLAR SIGN
⛽,0x26fd,0.152,FUEL PUMP
🍙,0x1f359,0.281,RICE BALL
🍗,0x1f357,0.063,POULTRY LEG
🍲,0x1f372,0.125,POT OF FOOD
🍥,0x1f365,-0.594,FISH CAKE WITH SWIRL DESIGN
▸,0x25b8,0.219,BLACK RIGHT-POINTING SMALL TRIANGLE
♛,0x265b,0.188,BLACK CHESS QUEEN
😼,0x1f63c,0.355,CAT FACE WITH WRY SMILE
🐙,0x1f419,0.387,OCTOPUS
👨,0x1f468,0.516,MAN
🍚,0x1f35a,0.452,COOKED RICE
🍖,0x1f356,0.129,MEAT ON BONE
♨,0x2668,0.871,HOT SPRINGS
🎹,0x1f3b9,0.355,MUSICAL KEYBOARD
♕,0x2655,0.387,WHITE CHESS QUEEN
▃,0x2583,0.903,LOWER THREE EIGHTHS BLOCK
🚘,0x1f698,0.067,ONCOMING AUTOMOBILE
🍏,0x1f34f,0.067,GREEN APPLE
👩,0x1f469,0.067,WOMAN
👦,0x1f466,0.133,BOY
🇬,0x1f1ec,0.267,REGIONAL INDICATOR SYMBOL LETTER G
🇧,0x1f1e7,0.267,REGIONAL INDICATOR SYMBOL LETTER B
☠,0x2620,-0.033,SKULL AND CROSSBONES
🐠,0x1f420,0.414,TROPICAL FISH
🚹,0x1f6b9,0.690,MENS SYMBOL
💵,0x1f4b5,0.379,BANKNOTE WITH DOLLAR SIGN
✰,0x2730,0.793,SHADOWED WHITE STAR
╠,0x2560,0.207,BOX DRAWINGS DOUBLE VERTICAL AND RIGHT
👛,0x1f45b,0.357,PURSE
🚙,0x1f699,0.036,RECREATIONAL VEHICLE
🌱,0x1f331,0.571,SEEDLING
💻,0x1f4bb,0.250,PERSONAL COMPUTER
🌏,0x1f30f,0.321,EARTH GLOBE ASIA-AUSTRALIA
▄,0x2584,-0.071,LOWER HALF BLOCK
👓,0x1f453,0.296,EYEGLASSES
◄,0x25c4,0.222,BLACK LEFT-POINTING POINTER
⚾,0x26be,-0.037,BASEBALL
🌲,0x1f332,0.385,EVERGREEN TREE
👴,0x1f474,0.231,OLDER MAN
🏠,0x1f3e0,0.500,HOUSE BUILDING
🍇,0x1f347,0.269,GRAPES
🍘,0x1f358,0.385,RICE CRACKER
🍛,0x1f35b,0.038,CURRY AND RICE
🐇,0x1f407,0.231,RABBIT
🔞,0x1f51e,-0.038,NO ONE UNDER EIGHTEEN SYMBOL
👵,0x1f475,0.423,OLDER WOMAN
◀,0x25c0,0.269,BLACK LEFT-POINTING TRIANGLE
🔙,0x1f519,0.192,BACK WITH LEFTWARDS ARROW ABOVE
🌵,0x1f335,0.192,CACTUS
🐽,0x1f43d,0.120,PIG NOSE
🍮,0x1f36e,-0.120,CUSTARD
🎇,0x1f387,0.680,FIREWORK SPARKLER
🐎,0x1f40e,0.400,HORSE
➔,0x2794,-0.120,HEAVY WIDE-HEADED RIGHTWARDS ARROW
💶,0x1f4b6,0.000,BANKNOTE WITH EURO SIGN
🐤,0x1f424,0.520,BABY CHICK
╩,0x2569,0.200,BOX DRAWINGS DOUBLE UP AND HORIZONTAL
🛀,0x1f6c0,0.125,BATH
🌑,0x1f311,0.458,NEW MOON SYMBOL
🚲,0x1f6b2,0.375,BICYCLE
🐑,0x1f411,-0.167,SHEEP
🏁,0x1f3c1,0.500,CHEQUERED FLAG
🍞,0x1f35e,0.042,BREAD
🎾,0x1f3be,0.542,TENNIS RACQUET AND BALL
╚,0x255a,0.292,BOX DRAWINGS DOUBLE UP AND RIGHT
🈹,0x1f239,0.292,SQUARED CJK UNIFIED IDEOGRAPH-5272
🐳,0x1f433,0.130,SPOUTING WHALE
👮,0x1f46e,-0.348,POLICE OFFICER
☹,0x2639,-0.522,WHITE FROWNING FACE
🐵,0x1f435,0.478,MONKEY FACE
✪,0x272a,0.304,CIRCLED WHITE STAR
◕,0x25d5,0.435,CIRCLE WITH ALL BUT UPPER LEFT QUADRANT BLACK
🗼,0x1f5fc,0.522,TOKYO TOWER
▐,0x2590,-0.130,RIGHT HALF BLOCK
♠,0x2660,0.304,BLACK SPADE SUIT
┳,0x2533,-0.348,BOX DRAWINGS HEAVY DOWN AND HORIZONTAL
👺,0x1f47a,-0.182,JAPANESE GOBLIN
🐚,0x1f41a,0.227,SPIRAL SHELL
👂,0x1f442,-0.136,EAR
🗽,0x1f5fd,0.318,STATUE OF LIBERTY
🍵,0x1f375,0.364,TEACUP WITHOUT HANDLE
🆒,0x1f192,0.364,SQUARED COOL
🍯,0x1f36f,0.045,HONEY POT
🐺,0x1f43a,0.227,WOLF FACE
⇨,0x21e8,0.455,RIGHTWARDS WHITE ARROW
➨,0x27a8,0.136,HEAVY CONCAVE-POINTED BLACK RIGHTWARDS ARROW
🌓,0x1f313,0.591,FIRST QUARTER MOON SYMBOL
🔒,0x1f512,0.182,LOCK
╬,0x256c,-0.136,BOX DRAWINGS DOUBLE VERTICAL AND HORIZONTAL
👳,0x1f473,0.619,MAN WITH TURBAN
🌂,0x1f302,0.238,CLOSED UMBRELLA
🚌,0x1f68c,0.190,BUS
♩,0x2669,0.524,QUARTER NOTE
🍡,0x1f361,-0.048,DANGO
❥,0x2765,0.238,ROTATED HEAVY BLACK HEART BULLET
🎡,0x1f3a1,0.286,FERRIS WHEEL
💌,0x1f48c,0.500,LOVE LETTER
🐩,0x1f429,0.350,POODLE
🌜,0x1f31c,0.500,LAST QUARTER MOON WITH FACE
⌚,0x231a,0.200,WATCH
🚿,0x1f6bf,0.600,SHOWER
🐖,0x1f416,0.150,PIG
🔆,0x1f506,0.550,HIGH BRIGHTNESS SYMBOL
🌛,0x1f31b,0.550,FIRST QUARTER MOON WITH FACE
💂,0x1f482,-0.150,GUARDSMAN
🐔,0x1f414,0.300,CHICKEN
🙎,0x1f64e,-0.050,PERSON WITH POUTING FACE
🏩,0x1f3e9,0.421,LOVE HOTEL
🇫,0x1f1eb,0.474,REGIONAL INDICATOR SYMBOL LETTER F
🔨,0x1f528,-0.105,HAMMER
📢,0x1f4e2,0.421,PUBLIC ADDRESS LOUDSPEAKER
🐦,0x1f426,0.421,BIRD
🐲,0x1f432,-0.053,DRAGON FACE
♻,0x267b,0.474,BLACK UNIVERSAL RECYCLING SYMBOL
🌘,0x1f318,0.579,WANING CRESCENT MOON SYMBOL
🍐,0x1f350,0.158,PEAR
🌔,0x1f314,0.579,WAXING GIBBOUS MOON SYMBOL
╥,0x2565,0.105,BOX DRAWINGS DOWN DOUBLE AND HORIZONTAL SINGLE
❊,0x274a,0.000,EIGHT TEARDROP-SPOKED PROPELLER ASTERISK
👖,0x1f456,0.333,JEANS
🚺,0x1f6ba,0.167,WOMENS SYMBOL
😗,0x1f617,0.611,KISSING FACE
🎭,0x1f3ad,0.000,PERFORMING ARTS
🐄,0x1f404,0.278,COW
◟,0x25df,-0.056,LOWER LEFT QUADRANT CIRCULAR ARC
🍢,0x1f362,-0.111,ODEN
🎨,0x1f3a8,0.167,ARTIST PALETTE
⬇,0x2b07,0.389,DOWNWARDS BLACK ARROW
🚼,0x1f6bc,0.556,BABY SYMBOL
⛲,0x26f2,0.056,FOUNTAIN
▁,0x2581,0.000,LOWER ONE EIGHTH BLOCK
🇴,0x1f1f4,0.333,REGIONAL INDICATOR SYMBOL LETTER O
🌗,0x1f317,0.611,LAST QUARTER MOON SYMBOL
🌖,0x1f316,0.611,WANING GIBBOUS MOON SYMBOL
🔅,0x1f505,0.833,LOW BRIGHTNESS SYMBOL
👜,0x1f45c,0.235,HANDBAG
🐌,0x1f40c,0.647,SNAIL
💼,0x1f4bc,0.529,BRIEFCASE
🚕,0x1f695,0.000,TAXI
🐹,0x1f439,0.294,HAMSTER FACE
🌠,0x1f320,0.529,SHOOTING STAR
🐈,0x1f408,0.294,CAT
⇧,0x21e7,0.118,UPWARDS WHITE ARROW
☎,0x260e,0.000,BLACK TELEPHONE
🌁,0x1f301,0.176,FOGGY
⚫,0x26ab,0.235,MEDIUM BLACK CIRCLE
♧,0x2667,0.471,WHITE CLUB SUIT
🏰,0x1f3f0,0.294,EUROPEAN CASTLE
🚵,0x1f6b5,0.353,MOUNTAIN BICYCLIST
🎢,0x1f3a2,0.471,ROLLER COASTER
🎷,0x1f3b7,0.647,SAXOPHONE
🎐,0x1f390,0.176,WIND CHIME
┈,0x2508,-0.588,BOX DRAWINGS LIGHT QUADRUPLE DASH HORIZONTAL
╗,0x2557,0.353,BOX DRAWINGS DOUBLE DOWN AND LEFT
╱,0x2571,0.000,BOX DRAWINGS LIGHT DIAGONAL UPPER RIGHT TO LOWER LEFT
🌇,0x1f307,0.500,SUNSET OVER BUILDINGS
⏰,0x23f0,0.438,ALARM CLOCK
⇩,0x21e9,0.000,DOWNWARDS WHITE ARROW
🚂,0x1f682,0.250,STEAM LOCOMOTIVE
◠,0x25e0,0.438,UPPER HALF CIRCLE
🎿,0x1f3bf,0.375,SKI AND SKI BOOT
✦,0x2726,0.063,BLACK FOUR POINTED STAR
🆔,0x1f194,0.750,SQUARED ID
⛪,0x26ea,0.125,CHURCH
🌒,0x1f312,0.563,WAXING CRESCENT MOON SYMBOL
🐪,0x1f42a,0.563,DROMEDARY CAMEL
╔,0x2554,0.250,BOX DRAWINGS DOUBLE DOWN AND RIGHT
╝,0x255d,0.438,BOX DRAWINGS DOUBLE UP AND LEFT
👔,0x1f454,0.333,NECKTIE
🔱,0x1f531,0.067,TRIDENT EMBLEM
🆓,0x1f193,0.200,SQUARED FREE
🐋,0x1f40b,0.200,WHALE
▽,0x25bd,0.400,WHITE DOWN-POINTING TRIANGLE
▂,0x2582,0.000,LOWER ONE QUARTER BLOCK
🐛,0x1f41b,0.267,BUG
👕,0x1f455,0.400,T-SHIRT
🚋,0x1f68b,0.067,TRAM CAR
💳,0x1f4b3,0.400,CREDIT CARD
🌆,0x1f306,0.133,CITYSCAPE AT DUSK
🏧,0x1f3e7,0.800,AUTOMATED TELLER MACHINE
💡,0x1f4a1,0.600,ELECTRIC LIGHT BULB
🔹,0x1f539,0.133,SMALL BLUE DIAMOND
⬅,0x2b05,0.467,LEFTWARDS BLACK ARROW
🍠,0x1f360,0.000,ROASTED SWEET POTATO
🐫,0x1f42b,0.333,BACTRIAN CAMEL
🏪,0x1f3ea,0.067,CONVENIENCE STORE
۩,0x6e9,0.000,ARABIC PLACE OF SAJDAH
🇱,0x1f1f1,0.400,REGIONAL INDICATOR SYMBOL LETTER L
📹,0x1f4f9,0.429,VIDEO CAMERA
👞,0x1f45e,0.429,MANS SHOE
🚑,0x1f691,0.071,AMBULANCE
🆘,0x1f198,0.071,SQUARED SOS
👚,0x1f45a,0.571,WOMANS CLOTHES
🚍,0x1f68d,0.071,ONCOMING BUS
□,0x25a1,-0.214,WHITE SQUARE
🐂,0x1f402,0.143,OX
🚣,0x1f6a3,0.571,ROWBOAT
✳,0x2733,0.000,EIGHT SPOKED ASTERISK
🏉,0x1f3c9,0.500,RUGBY FOOTBALL
🗻,0x1f5fb,0.571,MOUNT FUJI
🐀,0x1f400,0.143,RAT
╦,0x2566,0.357,BOX DRAWINGS DOUBLE DOWN AND HORIZONTAL
⛺,0x26fa,0.462,TENT
🐕,0x1f415,0.231,DOG
🏂,0x1f3c2,0.385,SNOWBOARDER
👡,0x1f461,0.385,WOMANS SANDAL
📻,0x1f4fb,0.308,RADIO
✒,0x2712,0.231,BLACK NIB
🌰,0x1f330,0.538,CHESTNUT
🏢,0x1f3e2,0.154,OFFICE BUILDING
🎒,0x1f392,0.462,SCHOOL SATCHEL
⌒,0x2312,0.538,ARC
🏫,0x1f3eb,-0.231,SCHOOL
📴,0x1f4f4,0.615,MOBILE PHONE OFF
🚢,0x1f6a2,0.231,SHIP
🚚,0x1f69a,-0.077,DELIVERY TRUCK
🐉,0x1f409,0.154,DRAGON
❒,0x2752,0.231,UPPER RIGHT SHADOWED WHITE SQUARE
🐊,0x1f40a,0.077,CROCODILE
🔔,0x1f514,0.769,BELL
◢,0x25e2,0.615,BLACK LOWER RIGHT TRIANGLE
🏥,0x1f3e5,0.250,HOSPITAL
❔,0x2754,0.000,WHITE QUESTION MARK ORNAMENT
🚖,0x1f696,-0.083,ONCOMING TAXI
🃏,0x1f0cf,0.083,PLAYING CARD BLACK JOKER
▼,0x25bc,0.083,BLACK DOWN-POINTING TRIANGLE
▌,0x258c,-0.250,LEFT HALF BLOCK
☛,0x261b,0.333,BLACK RIGHT POINTING INDEX
✩,0x2729,0.000,STRESS OUTLINED WHITE STAR
💒,0x1f492,0.500,WEDDING
🚤,0x1f6a4,0.333,SPEEDBOAT
🐐,0x1f410,0.417,GOAT
■,0x25a0,-0.250,BLACK SQUARE
🔚,0x1f51a,0.333,END WITH LEFTWARDS ARROW ABOVE
🎻,0x1f3bb,0.333,VIOLIN
🔷,0x1f537,0.167,LARGE BLUE DIAMOND
🚦,0x1f6a6,0.083,VERTICAL TRAFFIC LIGHT
🔓,0x1f513,0.083,OPEN LOCK
🎽,0x1f3bd,0.417,RUNNING SHIRT WITH SASH
📅,0x1f4c5,0.167,CALENDAR
🎺,0x1f3ba,0.583,TRUMPET
✯,0x272f,0.000,PINWHEEL STAR
🍈,0x1f348,-0.333,MELON
✉,0x2709,0.250,ENVELOPE
╣,0x2563,0.000,BOX DRAWINGS DOUBLE VERTICAL AND LEFT
◤,0x25e4,0.750,BLACK UPPER LEFT TRIANGLE
○,0x25cb,0.455,WHITE CIRCLE
🍼,0x1f37c,0.455,BABY BOTTLE
📀,0x1f4c0,0.091,DVD
🚛,0x1f69b,-0.182,ARTICULATED LORRY
📓,0x1f4d3,0.182,NOTEBOOK
☉,0x2609,0.182,SUN
💴,0x1f4b4,-0.182,BANKNOTE WITH YEN SIGN
┼,0x253c,0.000,BOX DRAWINGS LIGHT VERTICAL AND HORIZONTAL
🐃,0x1f403,0.000,WATER BUFFALO
➰,0x27b0,-0.091,CURLY LOOP
🔌,0x1f50c,-0.091,ELECTRIC PLUG
🍄,0x1f344,0.000,MUSHROOM
📕,0x1f4d5,0.182,CLOSED BOOK
📣,0x1f4e3,0.364,CHEERING MEGAPHONE
🚓,0x1f693,0.273,POLICE CAR
🐗,0x1f417,0.455,BOAR
↪,0x21aa,0.091,RIGHTWARDS ARROW WITH HOOK
⛳,0x26f3,0.636,FLAG IN HOLE
┻,0x253b,-0.364,BOX DRAWINGS HEAVY UP AND HORIZONTAL
┛,0x251b,0.545,BOX DRAWINGS HEAVY UP AND LEFT
┃,0x2503,0.364,BOX DRAWINGS HEAVY VERTICAL
👱,0x1f471,0.100,PERSON WITH BLOND HAIR
⏳,0x23f3,0.000,HOURGLASS WITH FLOWING SAND
💺,0x1f4ba,0.200,SEAT
🏇,0x1f3c7,-0.100,HORSE RACING
☻,0x263b,0.200,BLACK SMILING FACE
📞,0x1f4de,0.400,TELEPHONE RECEIVER
Ⓐ,0x24b6,-0.100,CIRCLED LATIN CAPITAL LETTER A
🌉,0x1f309,0.500,BRIDGE AT NIGHT
🚩,0x1f6a9,-0.200,TRIANGULAR FLAG ON POST
✎,0x270e,0.500,LOWER RIGHT PENCIL
📃,0x1f4c3,0.400,PAGE WITH CURL
🏨,0x1f3e8,0.200,HOTEL
📌,0x1f4cc,-0.400,PUSHPIN
♎,0x264e,-0.100,LIBRA
💷,0x1f4b7,0.400,BANKNOTE WITH POUND SIGN
🚄,0x1f684,0.500,HIGH-SPEED TRAIN
▲,0x25b2,0.500,BLACK UP-POINTING TRIANGLE
⛵,0x26f5,0.500,SAILBOAT
🔸,0x1f538,0.200,SMALL ORANGE DIAMOND
⌛,0x231b,0.100,HOURGLASS
🚜,0x1f69c,0.700,TRACTOR
🐆,0x1f406,0.300,LEOPARD
👒,0x1f452,0.200,WOMANS HAT
❕,0x2755,0.200,WHITE EXCLAMATION MARK ORNAMENT
🔛,0x1f51b,0.400,ON WITH EXCLAMATION MARK WITH LEFT RIGHT ARROW ABOVE
♢,0x2662,0.300,WHITE DIAMOND SUIT
🇲,0x1f1f2,0.400,REGIONAL INDICATOR SYMBOL LETTER M
❅,0x2745,0.600,TIGHT TRIFOLIATE SNOWFLAKE
👝,0x1f45d,0.333,POUCH
✞,0x271e,0.333,SHADOWED WHITE LATIN CROSS
◡,0x25e1,0.222,LOWER HALF CIRCLE
🎋,0x1f38b,0.444,TANABATA TREE
👥,0x1f465,0.222,BUSTS IN SILHOUETTE
📵,0x1f4f5,0.111,NO MOBILE PHONES
🐡,0x1f421,0.222,BLOWFISH
◆,0x25c6,0.556,BLACK DIAMOND
🏯,0x1f3ef,0.111,JAPANESE CASTLE
☂,0x2602,0.000,UMBRELLA
🔭,0x1f52d,0.333,TELESCOPE
🎪,0x1f3aa,0.222,CIRCUS TENT
🐜,0x1f41c,0.444,ANT
♌,0x264c,0.556,LEO
☐,0x2610,-0.667,BALLOT BOX
👷,0x1f477,0.222,CONSTRUCTION WORKER
↳,0x21b3,0.000,DOWNWARDS ARROW WITH TIP RIGHTWARDS
🔈,0x1f508,0.222,SPEAKER
📄,0x1f4c4,0.667,PAGE FACING UP
📍,0x1f4cd,0.111,ROUND PUSHPIN
🚐,0x1f690,0.556,MINIBUS
🚔,0x1f694,0.000,ONCOMING POLICE CAR
🌋,0x1f30b,0.444,VOLCANO
📡,0x1f4e1,0.222,SATELLITE ANTENNA
⏩,0x23e9,0.111,BLACK RIGHT-POINTING DOUBLE TRIANGLE
🚳,0x1f6b3,0.667,NO BICYCLES
✘,0x2718,0.556,HEAVY BALLOT X
۞,0x6de,0.000,ARABIC START OF RUB EL HIZB
☾,0x263e,0.000,LAST QUARTER MOON
🅰,0x1f170,0.222,NEGATIVE SQUARED LATIN CAPITAL LETTER A
📥,0x1f4e5,0.000,INBOX TRAY
🇼,0x1f1fc,0.333,REGIONAL INDICATOR SYMBOL LETTER W
┓,0x2513,0.444,BOX DRAWINGS HEAVY DOWN AND LEFT
┣,0x2523,0.444,BOX DRAWINGS HEAVY VERTICAL AND RIGHT
Ⓛ,0x24c1,0.333,CIRCLED LATIN CAPITAL LETTER L
Ⓔ,0x24ba,0.333,CIRCLED LATIN CAPITAL LETTER E
🔦,0x1f526,0.000,ELECTRIC TORCH
👤,0x1f464,0.500,BUST IN SILHOUETTE
🚁,0x1f681,0.125,HELICOPTER
🎠,0x1f3a0,0.375,CAROUSEL HORSE
🐁,0x1f401,-0.250,MOUSE
📗,0x1f4d7,0.125,GREEN BOOK
┐,0x2510,-0.125,BOX DRAWINGS LIGHT DOWN AND LEFT
☮,0x262e,0.000,PEACE SYMBOL
♂,0x2642,0.125,MALE SIGN
◞,0x25de,0.000,LOWER RIGHT QUADRANT CIRCULAR ARC
📯,0x1f4ef,-0.125,POSTAL HORN
🔩,0x1f529,0.125,NUT AND BOLT
👢,0x1f462,0.500,WOMANS BOOTS
◂,0x25c2,0.250,BLACK LEFT-POINTING SMALL TRIANGLE
📰,0x1f4f0,0.250,NEWSPAPER
📶,0x1f4f6,0.250,ANTENNA WITH BARS
🚥,0x1f6a5,0.000,HORIZONTAL TRAFFIC LIGHT
🌄,0x1f304,0.125,SUNRISE OVER MOUNTAINS
🗾,0x1f5fe,0.250,SILHOUETTE OF JAPAN
🔶,0x1f536,0.250,LARGE ORANGE DIAMOND
🏤,0x1f3e4,0.250,EUROPEAN POST OFFICE
🎩,0x1f3a9,0.250,TOP HAT
Ⓜ,0x24c2,0.250,CIRCLED LATIN CAPITAL LETTER M
🔧,0x1f527,-0.375,WRENCH
🐅,0x1f405,0.125,TIGER
♮,0x266e,0.125,MUSIC NATURAL SIGN
🅾,0x1f17e,-0.125,NEGATIVE SQUARED LATIN CAPITAL LETTER O
🔄,0x1f504,0.000,ANTICLOCKWISE DOWNWARDS AND UPWARDS OPEN CIRCLE ARROWS
☄,0x2604,0.000,COMET
☨,0x2628,0.000,CROSS OF LORRAINE
